condition,day,medianCount,sdCount,medianPred,q25,q75
1.47 nM Daco+10.38 nM Osim,0,1000000,0,1000000,1000000,1000000
1.47 nM Daco+10.38 nM Osim,61,615000,85749.63556773872,9774536991,7939090432,11225563168
1.47 nM Daco+10.38 nM Osim,79,4340000,754077.8032360674,3192569863244.5,2593097293169,3666616288277
1.47 nM Daco+10.38 nM Osim,89,28500000,7779674.371934428,79585849092880.5,64641879227105,91403065018677
1.47 nM Daco+10.38 nM Osim,99,191000000,102734285.09184912,1983953334325840.5,1611423038237929,2278538292266879
1.47 nM Daco+5.19 nM Osim,0,1000000,0,1000000,1000000,1000000
1.47 nM Daco+5.19 nM Osim,61,594000,28618.17604250837,52994166494,45648383994,62015497770
1.47 nM Daco+5.19 nM Osim,74,3240000,466082.9682935575,4727385197301,4072072682960,5532153476106
1.47 nM Daco+5.19 nM Osim,85,32400000,1301281.4197295422,211327282503806,182032764201435,247302416789135
1.47 nM Daco+5.19 nM Osim,94,157000000,25534290.66960741,4734010083302092,4077774316985815,5539900355955802
2.94 nM Daco+20.75 nM Osim,0,1000000,0,1000000,1000000,1000000
2.94 nM Daco+20.75 nM Osim,58,537000,39949.96871087636,74590524.5,56344381,94074987
2.94 nM Daco+20.75 nM Osim,68,2880000,276224.5463386627,1016886653.5,768146806,1282354934
2.94 nM Daco+20.75 nM Osim,77,17800000,3629508.6903509866,10674145530.5,8063565402,13462394036
2.94 nM Daco+20.75 nM Osim,86,173000000,23860706.890897706,112053353327,84648400604,141324403484
2.94 nM Daco+5.19 nM Osim,0,1000000,0,1000000,1000000,1000000
2.94 nM Daco+5.19 nM Osim,61,693000,78249.60063795853,24225389864,18796229055,29222066021
2.94 nM Daco+5.19 nM Osim,72,7420000,471274.86671792716,1005704983230.5,780323897192,1213151636961
2.94 nM Daco+5.19 nM Osim,77,32900000,1931320.7915827965,5470375131567.5,4244464795625,6598736483353
2.94 nM Daco+5.19 nM Osim,82,273000000,19078784.028338913,29755217407757,23087078463219,35892783656431
4.40 nM Daco+10.38 nM Osim,0,1000000,0,1000000,1000000,1000000
4.40 nM Daco+10.38 nM Osim,61,534000,81957.30595865143,89209110,64784334,106498569
4.40 nM Daco+10.38 nM Osim,79,3690000,766289.7624267207,8536155449,6203178198,10194784257
4.40 nM Daco+10.38 nM Osim,89,33200000,6255397.669213365,107586662062.5,78185398321,128492967298
4.40 nM Daco+10.38 nM Osim,102,203000000,47507894.08087881,2900007894411,2107499239090,3463547424388
Daco 4.40 nM,0,1000000,0,1000000,1000000,1000000
Daco 4.40 nM,30,5490000,351567.9166249389,3530625.5,3134612,3845771
Daco 4.40 nM,34,35600000,2218858.565419016,12811839.5,11150827,14155228
Daco 4.40 nM,37,143000000,7505553.499465135,36520032,31615448,40458570
Osimertinib 10.38 nM,0,1000000,0,1000000,1000000,1000000
Osimertinib 10.38 nM,9,4260000,90000,14149740,14136468,14157545
Osimertinib 10.38 nM,21,34200000,1069267.6621563626,484703405,484251348,485102450
Osimertinib 10.38 nM,28,211000000,11930353.445448855,3811491166.5,3807754175,3814892222
Vehicle(DMSO),0,1000000,0,1000000,1000000,1000000
Vehicle(DMSO),3,3780000,150996.688705415,5935894.5,5932381,5943730
Vehicle(DMSO),6,22900000,1039230.4845413264,35245696.5,35221400,35286076
Vehicle(DMSO),9,143000000,11060440.015358038,209272785,209063916,209532876
Vehicle(DMSO),1,NA,NA,1810507,1809821,1812090
Vehicle(DMSO),2,NA,NA,3278861,3276692,3281531
Vehicle(DMSO),4,NA,NA,10749165.5,10742052,10760763
Vehicle(DMSO),5,NA,NA,19464603.5,19450995,19486507
Vehicle(DMSO),7,NA,NA,63826161.5,63771145,63899208
Vehicle(DMSO),8,NA,NA,115568415.5,115466196,115722319
Daco 4.40 nM,1,NA,NA,984704,984268,985067
Daco 4.40 nM,2,NA,NA,969311.5,968925,969628
Daco 4.40 nM,3,NA,NA,954259,953668,954977
Daco 4.40 nM,4,NA,NA,939528,938843,940231
Daco 4.40 nM,5,NA,NA,924779,924045,925590
Daco 4.40 nM,6,NA,NA,910934,909914,911898
Daco 4.40 nM,7,NA,NA,896886.5,895439,897938
Daco 4.40 nM,8,NA,NA,883374,881730,884208
Daco 4.40 nM,9,NA,NA,870312,868402,871050
Daco 4.40 nM,10,NA,NA,857541.5,855631,858610
Daco 4.40 nM,11,NA,NA,845098,843147,846300
Daco 4.40 nM,12,NA,NA,833179,831497,834958
Daco 4.40 nM,13,NA,NA,822264,820457,824089
Daco 4.40 nM,14,NA,NA,812622.5,810284,814264
Daco 4.40 nM,15,NA,NA,803808.5,801623,806180
Daco 4.40 nM,16,NA,NA,797085,793948,800529
Daco 4.40 nM,17,NA,NA,793160.5,788544,797400
Daco 4.40 nM,18,NA,NA,793173.5,787157,797756
Daco 4.40 nM,19,NA,NA,798465,790939,804790
Daco 4.40 nM,20,NA,NA,811775.5,800184,819811
Daco 4.40 nM,21,NA,NA,834441.5,819345,847059
Daco 4.40 nM,22,NA,NA,872827.5,850830,890571
Daco 4.40 nM,23,NA,NA,933107,900775,958053
Daco 4.40 nM,24,NA,NA,1023250,979074,1058730
Daco 4.40 nM,25,NA,NA,1157661,1092780,1209531
Daco 4.40 nM,26,NA,NA,1355743,1260022,1428797
Daco 4.40 nM,27,NA,NA,1644292,1508364,1748806
Daco 4.40 nM,28,NA,NA,2061070.5,1866576,2211783
Daco 4.40 nM,29,NA,NA,2663173,2387868,2881569
Daco 4.40 nM,31,NA,NA,4777125.5,4210975,5227502
Daco 4.40 nM,32,NA,NA,6567026,5756955,7215070
Daco 4.40 nM,33,NA,NA,9134767.5,7975745,10068624
Daco 4.40 nM,35,NA,NA,18092560,15712690,20011833
Daco 4.40 nM,36,NA,NA,25662888.5,22250832,28414450
Osimertinib 10.38 nM,1,NA,NA,1342322,1341848,1343034
Osimertinib 10.38 nM,2,NA,NA,1802137.5,1800931,1803125
Osimertinib 10.38 nM,3,NA,NA,2418822,2417244,2420579
Osimertinib 10.38 nM,4,NA,NA,3245865,3244005,3248522
Osimertinib 10.38 nM,5,NA,NA,4357232,4354239,4361171
Osimertinib 10.38 nM,6,NA,NA,5848614,5843931,5853458
Osimertinib 10.38 nM,7,NA,NA,7851664,7844920,7858350
Osimertinib 10.38 nM,8,NA,NA,10540467.5,10530732,10548028
Osimertinib 10.38 nM,10,NA,NA,18993750,18978150,19004170
Osimertinib 10.38 nM,11,NA,NA,25497683.5,25474564,25514255
Osimertinib 10.38 nM,12,NA,NA,34229324,34197733,34254760
Osimertinib 10.38 nM,13,NA,NA,45942664.5,45910593,45978487
Osimertinib 10.38 nM,14,NA,NA,61676639,61625757,61719449
Osimertinib 10.38 nM,15,NA,NA,82796598.5,82729246,82855292
Osimertinib 10.38 nM,16,NA,NA,111152967.5,111055228,111243835
Osimertinib 10.38 nM,17,NA,NA,149220699.5,149077079,149346459
Osimertinib 10.38 nM,18,NA,NA,200324715.5,200130838,200479208
Osimertinib 10.38 nM,19,NA,NA,268939613,268663402,269152335
Osimertinib 10.38 nM,20,NA,NA,361054933,360687506,361357116
Osimertinib 10.38 nM,22,NA,NA,650740772,650082825,651269271
Osimertinib 10.38 nM,23,NA,NA,873660342,872792085,874387331
Osimertinib 10.38 nM,24,NA,NA,1172936360.5,1171758549,1173932865
Osimertinib 10.38 nM,25,NA,NA,1574781588.5,1573160175,1576105902
Osimertinib 10.38 nM,26,NA,NA,2114346085,2112203136,2116183748
Osimertinib 10.38 nM,27,NA,NA,2838776840.5,2835985353,2841212845
1.47 nM Daco+5.19 nM Osim,1,NA,NA,975065,974742,975258
1.47 nM Daco+5.19 nM Osim,2,NA,NA,950815,950295,951102
1.47 nM Daco+5.19 nM Osim,3,NA,NA,927229.5,926539,927785
1.47 nM Daco+5.19 nM Osim,4,NA,NA,903945.5,903138,904890
1.47 nM Daco+5.19 nM Osim,5,NA,NA,881641.5,880735,882587
1.47 nM Daco+5.19 nM Osim,6,NA,NA,859827.5,858533,861186
1.47 nM Daco+5.19 nM Osim,7,NA,NA,838591,837353,839419
1.47 nM Daco+5.19 nM Osim,8,NA,NA,817786,816799,819059
1.47 nM Daco+5.19 nM Osim,9,NA,NA,797734,796613,799087
1.47 nM Daco+5.19 nM Osim,10,NA,NA,778413.5,777314,779325
1.47 nM Daco+5.19 nM Osim,11,NA,NA,759382,758127,760701
1.47 nM Daco+5.19 nM Osim,12,NA,NA,741166.5,740066,741937
1.47 nM Daco+5.19 nM Osim,13,NA,NA,723737.5,722557,724999
1.47 nM Daco+5.19 nM Osim,14,NA,NA,707108,705730,708618
1.47 nM Daco+5.19 nM Osim,15,NA,NA,691979,689539,693726
1.47 nM Daco+5.19 nM Osim,16,NA,NA,677726,675209,680027
1.47 nM Daco+5.19 nM Osim,17,NA,NA,665162,661974,666862
1.47 nM Daco+5.19 nM Osim,18,NA,NA,654428.5,650752,656855
1.47 nM Daco+5.19 nM Osim,19,NA,NA,646453.5,641822,649395
1.47 nM Daco+5.19 nM Osim,20,NA,NA,642276.5,635809,646268
1.47 nM Daco+5.19 nM Osim,21,NA,NA,643357,633721,649758
1.47 nM Daco+5.19 nM Osim,22,NA,NA,650508.5,638927,660612
1.47 nM Daco+5.19 nM Osim,23,NA,NA,666804.5,650158,682782
1.47 nM Daco+5.19 nM Osim,24,NA,NA,696167,674004,720186
1.47 nM Daco+5.19 nM Osim,25,NA,NA,744431,714502,778893
1.47 nM Daco+5.19 nM Osim,26,NA,NA,818404,776544,868017
1.47 nM Daco+5.19 nM Osim,27,NA,NA,928446.5,869186,998620
1.47 nM Daco+5.19 nM Osim,28,NA,NA,1089815,1004930,1190140
1.47 nM Daco+5.19 nM Osim,29,NA,NA,1322048.5,1203073,1462961
1.47 nM Daco+5.19 nM Osim,30,NA,NA,1654753,1486846,1855745
1.47 nM Daco+5.19 nM Osim,31,NA,NA,2131042.5,1895236,2415740
1.47 nM Daco+5.19 nM Osim,32,NA,NA,2809808,2475852,3212272
1.47 nM Daco+5.19 nM Osim,33,NA,NA,3770911.5,3306181,4344108
1.47 nM Daco+5.19 nM Osim,34,NA,NA,5137528.5,4481312,5948398
1.47 nM Daco+5.19 nM Osim,35,NA,NA,7073218.5,6144724,8213618
1.47 nM Daco+5.19 nM Osim,36,NA,NA,9813804.5,8504604,11415846
1.47 nM Daco+5.19 nM Osim,37,NA,NA,13681033,11836505,15948793
1.47 nM Daco+5.19 nM Osim,38,NA,NA,19152165.5,16548303,22358938
1.47 nM Daco+5.19 nM Osim,39,NA,NA,26889091.5,23211186,31414520
1.47 nM Daco+5.19 nM Osim,40,NA,NA,37823836.5,32622429,44209760
1.47 nM Daco+5.19 nM Osim,41,NA,NA,53265333.5,45921467,62281921
1.47 nM Daco+5.19 nM Osim,42,NA,NA,75104245,64716242,87834591
1.47 nM Daco+5.19 nM Osim,43,NA,NA,105935849,91279364,123922906
1.47 nM Daco+5.19 nM Osim,44,NA,NA,149489363,128815357,174890085
1.47 nM Daco+5.19 nM Osim,45,NA,NA,211028020,181838514,246899247
1.47 nM Daco+5.19 nM Osim,46,NA,NA,297973367.5,256743527,348649647
1.47 nM Daco+5.19 nM Osim,47,NA,NA,420818577,362531028,492354968
1.47 nM Daco+5.19 nM Osim,48,NA,NA,594351849,511970295,695416372
1.47 nM Daco+5.19 nM Osim,49,NA,NA,839521674.5,723136334,982266488
1.47 nM Daco+5.19 nM Osim,50,NA,NA,1185814153,1021382957,1387499147
1.47 nM Daco+5.19 nM Osim,51,NA,NA,1675007317,1442619101,1959926837
1.47 nM Daco+5.19 nM Osim,52,NA,NA,2366028075,2037882741,2768560840
1.47 nM Daco+5.19 nM Osim,53,NA,NA,3342185995.5,2878809439,3910999215
1.47 nM Daco+5.19 nM Osim,54,NA,NA,4721151082.5,4066573365,5524731992
1.47 nM Daco+5.19 nM Osim,55,NA,NA,6669177374,5744436985,7804352399
1.47 nM Daco+5.19 nM Osim,56,NA,NA,9420841194.5,8114796591,11024596319
1.47 nM Daco+5.19 nM Osim,57,NA,NA,13307984894,11463288190,15573522348
1.47 nM Daco+5.19 nM Osim,58,NA,NA,18799330289,16193509259,21999527162
1.47 nM Daco+5.19 nM Osim,59,NA,NA,26556388613,22875293385,31077251693
1.47 nM Daco+5.19 nM Osim,60,NA,NA,37514448385,32314466983,43900691690
1.47 nM Daco+5.19 nM Osim,62,NA,NA,74861186288,64484573518,87605288543
1.47 nM Daco+5.19 nM Osim,63,NA,NA,105751457071.5,91092503714,123754014135
1.47 nM Daco+5.19 nM Osim,64,NA,NA,149388237319.5,128680344733,174819273312
1.47 nM Daco+5.19 nM Osim,65,NA,NA,211031340342,181777839351,246956607452
1.47 nM Daco+5.19 nM Osim,66,NA,NA,298110998917,256785650850,348859936463
1.47 nM Daco+5.19 nM Osim,67,NA,NA,421122405211,362745350398,492813100098
1.47 nM Daco+5.19 nM Osim,68,NA,NA,594893754487.5,512426719156,696165051506
1.47 nM Daco+5.19 nM Osim,69,NA,NA,840368269633.5,723872480692,983426721524
1.47 nM Daco+5.19 nM Osim,70,NA,NA,1187134099246,1022568329128,1389224152790
1.47 nM Daco+5.19 nM Osim,71,NA,NA,1676988026411,1444520991504,1962468454846
1.47 nM Daco+5.19 nM Osim,72,NA,NA,2368973388261.5,2040581799802,2772253905737
1.47 nM Daco+5.19 nM Osim,73,NA,NA,3346496746626,2882604025636,3916190473784
1.47 nM Daco+5.19 nM Osim,75,NA,NA,6678074531802,5752359277598,7814923552438
1.47 nM Daco+5.19 nM Osim,76,NA,NA,9433692634007,8125993849602,11039643486741
1.47 nM Daco+5.19 nM Osim,77,NA,NA,13326381382342,11479065302199,15594999150756
1.47 nM Daco+5.19 nM Osim,78,NA,NA,18825332368541,16215739984491,22030065060494
1.47 nM Daco+5.19 nM Osim,79,NA,NA,26593345660243,22906940002617,31120461869641
1.47 nM Daco+5.19 nM Osim,80,NA,NA,37566733928134.5,32359176259554,43961903763410
1.47 nM Daco+5.19 nM Osim,81,NA,NA,53068140219538.5,45711756669132,62102176169241
1.47 nM Daco+5.19 nM Osim,82,NA,NA,74966001560593.5,64574089785367,87727790660472
1.47 nM Daco+5.19 nM Osim,83,NA,NA,105899706075119,91219712070288,123927484868734
1.47 nM Daco+5.19 nM Osim,84,NA,NA,149597793838048.5,128860301048372,175064474265701
1.47 nM Daco+5.19 nM Osim,86,NA,NA,298528627147398,257146088588352,349348422661639
1.47 nM Daco+5.19 nM Osim,87,NA,NA,421712393950108.5,363253947585901,493502300908219
1.47 nM Daco+5.19 nM Osim,88,NA,NA,595726270013547.5,513145741086567,697139279065772
1.47 nM Daco+5.19 nM Osim,89,NA,NA,841544621847249.5,724888384079282,984804288034505
1.47 nM Daco+5.19 nM Osim,90,NA,NA,1188796608204776,1024003776105334,1391170413851503
1.47 nM Daco+5.19 nM Osim,91,NA,NA,1679337450489816,1446545059820921,1965217993590358
1.47 nM Daco+5.19 nM Osim,92,NA,NA,2372293262480217,2043442267520723,2776138693318138
1.47 nM Daco+5.19 nM Osim,93,NA,NA,3351187908209289.5,2886641039045934,3921674620719132
1.47 nM Daco+5.19 nM Osim,95,NA,NA,6687435208401874,5760412569758714,7825864927562532
2.94 nM Daco+5.19 nM Osim,1,NA,NA,936996.5,936625,937229
2.94 nM Daco+5.19 nM Osim,2,NA,NA,877917,877613,878276
2.94 nM Daco+5.19 nM Osim,3,NA,NA,822488,822070,823129
2.94 nM Daco+5.19 nM Osim,4,NA,NA,770625.5,770047,771177
2.94 nM Daco+5.19 nM Osim,5,NA,NA,722047.5,721515,722713
2.94 nM Daco+5.19 nM Osim,6,NA,NA,676324.5,675913,677134
2.94 nM Daco+5.19 nM Osim,7,NA,NA,633940.5,633049,634306
2.94 nM Daco+5.19 nM Osim,8,NA,NA,593931.5,593348,594468
2.94 nM Daco+5.19 nM Osim,9,NA,NA,556846,556119,557472
2.94 nM Daco+5.19 nM Osim,10,NA,NA,522155.5,521115,522578
2.94 nM Daco+5.19 nM Osim,11,NA,NA,489481.5,488454,490038
2.94 nM Daco+5.19 nM Osim,12,NA,NA,459199.5,457948,459580
2.94 nM Daco+5.19 nM Osim,13,NA,NA,430789,429704,431539
2.94 nM Daco+5.19 nM Osim,14,NA,NA,404441.5,403425,405428
2.94 nM Daco+5.19 nM Osim,15,NA,NA,380495,379068,381572
2.94 nM Daco+5.19 nM Osim,16,NA,NA,358539.5,356983,359930
2.94 nM Daco+5.19 nM Osim,17,NA,NA,338684.5,336472,340568
2.94 nM Daco+5.19 nM Osim,18,NA,NA,320895,318022,324105
2.94 nM Daco+5.19 nM Osim,19,NA,NA,305823.5,302279,309884
2.94 nM Daco+5.19 nM Osim,20,NA,NA,294232.5,288871,299345
2.94 nM Daco+5.19 nM Osim,21,NA,NA,285881.5,278754,293154
2.94 nM Daco+5.19 nM Osim,22,NA,NA,282659,272798,292348
2.94 nM Daco+5.19 nM Osim,23,NA,NA,285147.5,271446,299251
2.94 nM Daco+5.19 nM Osim,24,NA,NA,296112.5,277018,315267
2.94 nM Daco+5.19 nM Osim,25,NA,NA,318113.5,291535,344936
2.94 nM Daco+5.19 nM Osim,26,NA,NA,354780.5,316981,392449
2.94 nM Daco+5.19 nM Osim,27,NA,NA,412415.5,360109,464562
2.94 nM Daco+5.19 nM Osim,28,NA,NA,499275.5,424274,571443
2.94 nM Daco+5.19 nM Osim,29,NA,NA,625514.5,519232,726052
2.94 nM Daco+5.19 nM Osim,30,NA,NA,807810,658180,947832
2.94 nM Daco+5.19 nM Osim,31,NA,NA,1067944,858319,1263953
2.94 nM Daco+5.19 nM Osim,32,NA,NA,1437157.5,1141967,1709672
2.94 nM Daco+5.19 nM Osim,33,NA,NA,1958496.5,1545005,2340807
2.94 nM Daco+5.19 nM Osim,34,NA,NA,2693797,2114827,3229212
2.94 nM Daco+5.19 nM Osim,35,NA,NA,3730872.5,2916462,4477940
2.94 nM Daco+5.19 nM Osim,36,NA,NA,5187067.5,4041551,6235809
2.94 nM Daco+5.19 nM Osim,37,NA,NA,7232510,5624713,8701705
2.94 nM Daco+5.19 nM Osim,38,NA,NA,10104641.5,7846368,12167306
2.94 nM Daco+5.19 nM Osim,39,NA,NA,14138052,10972727,17034072
2.94 nM Daco+5.19 nM Osim,40,NA,NA,19801173,15362418,23868473
2.94 nM Daco+5.19 nM Osim,41,NA,NA,27748511,21526506,33454662
2.94 nM Daco+5.19 nM Osim,42,NA,NA,38901286.5,30177969,46909637
2.94 nM Daco+5.19 nM Osim,43,NA,NA,54545981,42321117,65784951
2.94 nM Daco+5.19 nM Osim,44,NA,NA,76514385,59379544,92267213
2.94 nM Daco+5.19 nM Osim,45,NA,NA,107328981,83306844,129460903
2.94 nM Daco+5.19 nM Osim,46,NA,NA,150584231,116851845,181646195
2.94 nM Daco+5.19 nM Osim,47,NA,NA,211269616,163958381,254827763
2.94 nM Daco+5.19 nM Osim,48,NA,NA,296428292.5,230030464,357532658
2.94 nM Daco+5.19 nM Osim,49,NA,NA,415909268.5,322750460,501657619
2.94 nM Daco+5.19 nM Osim,50,NA,NA,583598112,452865781,703945477
2.94 nM Daco+5.19 nM Osim,51,NA,NA,818833579.5,635372945,987698466
2.94 nM Daco+5.19 nM Osim,52,NA,NA,1148926376.5,891485803,1385898053
2.94 nM Daco+5.19 nM Osim,53,NA,NA,1612113956,1250900000,1944595932
2.94 nM Daco+5.19 nM Osim,54,NA,NA,2262041717,1755216967,2728653921
2.94 nM Daco+5.19 nM Osim,55,NA,NA,3174010747.5,2462825524,3828616038
2.94 nM Daco+5.19 nM Osim,56,NA,NA,4453704426.5,3455661222,5372169502
2.94 nM Daco+5.19 nM Osim,57,NA,NA,6249293444.5,4848932447,7538063959
2.94 nM Daco+5.19 nM Osim,58,NA,NA,8768850500,6803860343,10577452787
2.94 nM Daco+5.19 nM Osim,59,NA,NA,12304192497,9547044527,14842050635
2.94 nM Daco+5.19 nM Osim,60,NA,NA,17264724553.5,13395938232,20825682801
2.94 nM Daco+5.19 nM Osim,62,NA,NA,33992256090,26374147736,41003652288
2.94 nM Daco+5.19 nM Osim,63,NA,NA,47697045746,37007273600,57534643749
2.94 nM Daco+5.19 nM Osim,64,NA,NA,66926915234.5,51927331282,80731273665
2.94 nM Daco+5.19 nM Osim,65,NA,NA,93909467397.5,72863095980,113279176897
2.94 nM Daco+5.19 nM Osim,66,NA,NA,131770595278,102239064698,158949649242
2.94 nM Daco+5.19 nM Osim,67,NA,NA,184895903282.5,143458585027,223033110501
2.94 nM Daco+5.19 nM Osim,68,NA,NA,259439188280,201297044657,312952954379
2.94 nM Daco+5.19 nM Osim,69,NA,NA,364035775548,282453174350,439123889665
2.94 nM Daco+5.19 nM Osim,70,NA,NA,510802679574.5,396328910451,616164130252
2.94 nM Daco+5.19 nM Osim,71,NA,NA,716740882437,556115403993,864580805631
2.94 nM Daco+5.19 nM Osim,73,NA,NA,1411172297182.5,1094926382718,1702252797696
2.94 nM Daco+5.19 nM Osim,74,NA,NA,1980110871376,1536363632374,2388542490206
2.94 nM Daco+5.19 nM Osim,75,NA,NA,2778425509244.5,2155775294373,3351522965863
2.94 nM Daco+5.19 nM Osim,76,NA,NA,3898592917133.5,3024914333580,4702744353519
2.94 nM Daco+5.19 nM Osim,78,NA,NA,7675850701739.5,5955693859229,9259123484546
2.94 nM Daco+5.19 nM Osim,79,NA,NA,10770495444297,8356830173263,12992092867616
2.94 nM Daco+5.19 nM Osim,80,NA,NA,15112789506770,11726017441641,18230080557869
2.94 nM Daco+5.19 nM Osim,81,NA,NA,21205759247935,16453554780470,25579844146084
1.47 nM Daco+10.38 nM Osim,1,NA,NA,948706,948407,948968
1.47 nM Daco+10.38 nM Osim,2,NA,NA,899968,899524,900411
1.47 nM Daco+10.38 nM Osim,3,NA,NA,853777.5,853153,854348
1.47 nM Daco+10.38 nM Osim,4,NA,NA,810126.5,809075,810635
1.47 nM Daco+10.38 nM Osim,5,NA,NA,768584,767613,769156
1.47 nM Daco+10.38 nM Osim,6,NA,NA,728988.5,728106,729505
1.47 nM Daco+10.38 nM Osim,7,NA,NA,691660.5,690744,692110
1.47 nM Daco+10.38 nM Osim,8,NA,NA,656136,655311,656798
1.47 nM Daco+10.38 nM Osim,9,NA,NA,622398.5,621679,623308
1.47 nM Daco+10.38 nM Osim,10,NA,NA,590689,589919,591564
1.47 nM Daco+10.38 nM Osim,11,NA,NA,560549.5,559746,561589
1.47 nM Daco+10.38 nM Osim,12,NA,NA,532109,531162,533321
1.47 nM Daco+10.38 nM Osim,13,NA,NA,505584.5,504372,506211
1.47 nM Daco+10.38 nM Osim,14,NA,NA,480373,478888,481223
1.47 nM Daco+10.38 nM Osim,15,NA,NA,456666,455496,457953
1.47 nM Daco+10.38 nM Osim,16,NA,NA,434644,433632,436381
1.47 nM Daco+10.38 nM Osim,17,NA,NA,414269,413134,416097
1.47 nM Daco+10.38 nM Osim,18,NA,NA,396097.5,394145,398174
1.47 nM Daco+10.38 nM Osim,19,NA,NA,379572,377174,382797
1.47 nM Daco+10.38 nM Osim,20,NA,NA,365632.5,362407,369585
1.47 nM Daco+10.38 nM Osim,21,NA,NA,354928.5,349974,359632
1.47 nM Daco+10.38 nM Osim,22,NA,NA,347434,340726,353683
1.47 nM Daco+10.38 nM Osim,23,NA,NA,344466.5,335386,351662
1.47 nM Daco+10.38 nM Osim,24,NA,NA,347579.5,335342,357425
1.47 nM Daco+10.38 nM Osim,25,NA,NA,358359,341714,371588
1.47 nM Daco+10.38 nM Osim,26,NA,NA,379048,356860,398306
1.47 nM Daco+10.38 nM Osim,27,NA,NA,414268.5,382510,440208
1.47 nM Daco+10.38 nM Osim,28,NA,NA,467419.5,423394,503795
1.47 nM Daco+10.38 nM Osim,29,NA,NA,546464.5,485891,596504
1.47 nM Daco+10.38 nM Osim,30,NA,NA,661787.5,576621,730153
1.47 nM Daco+10.38 nM Osim,31,NA,NA,824317.5,707005,919143
1.47 nM Daco+10.38 nM Osim,32,NA,NA,1052733.5,890925,1185217
1.47 nM Daco+10.38 nM Osim,33,NA,NA,1374119.5,1150586,1554892
1.47 nM Daco+10.38 nM Osim,34,NA,NA,1821727,1512732,2069407
1.47 nM Daco+10.38 nM Osim,35,NA,NA,2440305,2015032,2782192
1.47 nM Daco+10.38 nM Osim,36,NA,NA,3300317.5,2709135,3769478
1.47 nM Daco+10.38 nM Osim,37,NA,NA,4487562.5,3673615,5133421
1.47 nM Daco+10.38 nM Osim,38,NA,NA,6131509.5,5002241,7016405
1.47 nM Daco+10.38 nM Osim,39,NA,NA,8396544,6844581,9619017
1.47 nM Daco+10.38 nM Osim,40,NA,NA,11526137,9385963,13207590
1.47 nM Daco+10.38 nM Osim,41,NA,NA,15847642,12893030,18167740
1.47 nM Daco+10.38 nM Osim,42,NA,NA,21809008.5,17734770,25012887
1.47 nM Daco+10.38 nM Osim,43,NA,NA,30030559.5,24414792,34453308
1.47 nM Daco+10.38 nM Osim,44,NA,NA,41371310,33625152,47484592
1.47 nM Daco+10.38 nM Osim,45,NA,NA,57021716.5,46335290,65453714
1.47 nM Daco+10.38 nM Osim,46,NA,NA,78605039.5,63875269,90253227
1.47 nM Daco+10.38 nM Osim,47,NA,NA,108381057,88074662,124455825
1.47 nM Daco+10.38 nM Osim,48,NA,NA,149466249,121461302,171665779
1.47 nM Daco+10.38 nM Osim,49,NA,NA,206146175,167480529,236751206
1.47 nM Daco+10.38 nM Osim,50,NA,NA,284316617,230958350,326521341
1.47 nM Daco+10.38 nM Osim,51,NA,NA,392156084,318532262,450341700
1.47 nM Daco+10.38 nM Osim,52,NA,NA,540878192.5,439347879,621164614
1.47 nM Daco+10.38 nM Osim,53,NA,NA,745997474.5,605982738,856785266
1.47 nM Daco+10.38 nM Osim,54,NA,NA,1028970186,835836109,1181786618
1.47 nM Daco+10.38 nM Osim,55,NA,NA,1419294476,1152806516,1630067676
1.47 nM Daco+10.38 nM Osim,56,NA,NA,1957649313,1590087252,2248403627
1.47 nM Daco+10.38 nM Osim,57,NA,NA,2700287893,2193258482,3101222784
1.47 nM Daco+10.38 nM Osim,58,NA,NA,3724604172.5,3025256378,4277499173
1.47 nM Daco+10.38 nM Osim,59,NA,NA,5137481046.5,4172891003,5900097684
1.47 nM Daco+10.38 nM Osim,60,NA,NA,7086391563,5755739170,8138264888
1.47 nM Daco+10.38 nM Osim,62,NA,NA,13482241868.5,10950673026,15483740510
1.47 nM Daco+10.38 nM Osim,63,NA,NA,18596510577,15104661698,21357209661
1.47 nM Daco+10.38 nM Osim,64,NA,NA,25650555664,20834281108,29458894275
1.47 nM Daco+10.38 nM Osim,65,NA,NA,35380530735,28737255693,40634014202
1.47 nM Daco+10.38 nM Osim,66,NA,NA,48801700922,39638666780,56047965397
1.47 nM Daco+10.38 nM Osim,67,NA,NA,67313973892.5,54674408544,77308785818
1.47 nM Daco+10.38 nM Osim,68,NA,NA,92848623657,75414236220,106635135993
1.47 nM Daco+10.38 nM Osim,69,NA,NA,128068871384.5,104021388472,147085030951
1.47 nM Daco+10.38 nM Osim,70,NA,NA,176650168857,143480811277,202878300890
1.47 nM Daco+10.38 nM Osim,71,NA,NA,243659420825.5,197907857958,279837110689
1.47 nM Daco+10.38 nM Osim,72,NA,NA,336088381561,272981487463,385990108593
1.47 nM Daco+10.38 nM Osim,73,NA,NA,463577568923,376532254206,532410505176
1.47 nM Daco+10.38 nM Osim,74,NA,NA,639428527297.5,519363430860,734374959289
1.47 nM Daco+10.38 nM Osim,75,NA,NA,881986154940,716377493504,1012950017867
1.47 nM Daco+10.38 nM Osim,76,NA,NA,1216553332352.5,988123252088,1397197250773
1.47 nM Daco+10.38 nM Osim,77,NA,NA,1678034225591,1362951974777,1927200761113
1.47 nM Daco+10.38 nM Osim,78,NA,NA,2314572864715.5,1879964892427,2658251146063
1.47 nM Daco+10.38 nM Osim,80,NA,NA,4403620290156,3576746352390,5057489922815
1.47 nM Daco+10.38 nM Osim,81,NA,NA,6074063884354.5,4933526149467,6975968744319
1.47 nM Daco+10.38 nM Osim,82,NA,NA,8378165962572,6804986260771,9622187464950
1.47 nM Daco+10.38 nM Osim,83,NA,NA,11556292023546.5,9386346569926,13272215640050
1.47 nM Daco+10.38 nM Osim,84,NA,NA,15939992075258,12946908998940,18306820988111
1.47 nM Daco+10.38 nM Osim,85,NA,NA,21986577277605.5,17858117845419,25251229992905
1.47 nM Daco+10.38 nM Osim,86,NA,NA,30326843383211,24632318431730,34829892903059
1.47 nM Daco+10.38 nM Osim,87,NA,NA,41830851671001,33976201667850,48042061028583
1.47 nM Daco+10.38 nM Osim,88,NA,NA,57698728666828,46864550127682,66266060690002
1.47 nM Daco+10.38 nM Osim,90,NA,NA,109775501439335,89162766975944,126075410739856
1.47 nM Daco+10.38 nM Osim,91,NA,NA,151417135317251,122985262979754,173900117329441
1.47 nM Daco+10.38 nM Osim,92,NA,NA,208854856821321,169637792100314,239866394022827
1.47 nM Daco+10.38 nM Osim,93,NA,NA,288080670827653,233987269266020,330855975471667
1.47 nM Daco+10.38 nM Osim,94,NA,NA,397359568533524,322746684441679,456361020648997
1.47 nM Daco+10.38 nM Osim,95,NA,NA,548091729461772,445175616758568,629474448187064
1.47 nM Daco+10.38 nM Osim,96,NA,NA,756001762322288.5,614046012691024,868255716814903
1.47 nM Daco+10.38 nM Osim,97,NA,NA,1042779180549676.5,846974753661356,1197614998981028
1.47 nM Daco+10.38 nM Osim,98,NA,NA,1438341147742835,1168261378664919,1651911498402859
4.40 nM Daco+10.38 nM Osim,1,NA,NA,903037.5,902741,903221
4.40 nM Daco+10.38 nM Osim,2,NA,NA,815384.5,814916,815841
4.40 nM Daco+10.38 nM Osim,3,NA,NA,736319.5,735762,736738
4.40 nM Daco+10.38 nM Osim,4,NA,NA,664736.5,664265,665418
4.40 nM Daco+10.38 nM Osim,5,NA,NA,600292.5,599784,600857
4.40 nM Daco+10.38 nM Osim,6,NA,NA,542114,541552,542614
4.40 nM Daco+10.38 nM Osim,7,NA,NA,489579,489164,490163
4.40 nM Daco+10.38 nM Osim,8,NA,NA,442054.5,441528,442598
4.40 nM Daco+10.38 nM Osim,9,NA,NA,399170,398698,399833
4.40 nM Daco+10.38 nM Osim,10,NA,NA,360529.5,360169,361117
4.40 nM Daco+10.38 nM Osim,11,NA,NA,325735.5,325101,326132
4.40 nM Daco+10.38 nM Osim,12,NA,NA,294248,293810,294637
4.40 nM Daco+10.38 nM Osim,13,NA,NA,265819,265423,266210
4.40 nM Daco+10.38 nM Osim,14,NA,NA,240332.5,239862,240720
4.40 nM Daco+10.38 nM Osim,15,NA,NA,217225,216794,217594
4.40 nM Daco+10.38 nM Osim,16,NA,NA,196424.5,196124,196836
4.40 nM Daco+10.38 nM Osim,17,NA,NA,177822,177396,178258
4.40 nM Daco+10.38 nM Osim,18,NA,NA,161042,160618,161473
4.40 nM Daco+10.38 nM Osim,19,NA,NA,146025.5,145413,146760
4.40 nM Daco+10.38 nM Osim,20,NA,NA,132697.5,131883,133381
4.40 nM Daco+10.38 nM Osim,21,NA,NA,120897.5,119912,121786
4.40 nM Daco+10.38 nM Osim,22,NA,NA,110360,109298,111650
4.40 nM Daco+10.38 nM Osim,23,NA,NA,101442.5,100138,103032
4.40 nM Daco+10.38 nM Osim,24,NA,NA,94008.5,92105,95983
4.40 nM Daco+10.38 nM Osim,25,NA,NA,87761,85632,90381
4.40 nM Daco+10.38 nM Osim,26,NA,NA,83089,80159,86403
4.40 nM Daco+10.38 nM Osim,27,NA,NA,79744.5,75943,83834
4.40 nM Daco+10.38 nM Osim,28,NA,NA,78192.5,73101,83129
4.40 nM Daco+10.38 nM Osim,29,NA,NA,78707,71842,84602
4.40 nM Daco+10.38 nM Osim,30,NA,NA,81265.5,72363,89041
4.40 nM Daco+10.38 nM Osim,31,NA,NA,86738,74916,96593
4.40 nM Daco+10.38 nM Osim,32,NA,NA,95285.5,80006,107741
4.40 nM Daco+10.38 nM Osim,33,NA,NA,107893.5,88234,123552
4.40 nM Daco+10.38 nM Osim,34,NA,NA,126436,100880,145742
4.40 nM Daco+10.38 nM Osim,35,NA,NA,151161,117482,175343
4.40 nM Daco+10.38 nM Osim,36,NA,NA,183804.5,140762,214590
4.40 nM Daco+10.38 nM Osim,37,NA,NA,226600.5,171255,266607
4.40 nM Daco+10.38 nM Osim,38,NA,NA,283045.5,211880,334965
4.40 nM Daco+10.38 nM Osim,39,NA,NA,356952.5,264944,422980
4.40 nM Daco+10.38 nM Osim,40,NA,NA,452614,333896,537956
4.40 nM Daco+10.38 nM Osim,41,NA,NA,576878,422559,686660
4.40 nM Daco+10.38 nM Osim,42,NA,NA,737332.5,538607,878045
4.40 nM Daco+10.38 nM Osim,43,NA,NA,944307.5,688418,1125637
4.40 nM Daco+10.38 nM Osim,44,NA,NA,1212053,882552,1444739
4.40 nM Daco+10.38 nM Osim,45,NA,NA,1557975,1133360,1856326
4.40 nM Daco+10.38 nM Osim,46,NA,NA,2002111.5,1456790,2387303
4.40 nM Daco+10.38 nM Osim,47,NA,NA,2577118,1873463,3073799
4.40 nM Daco+10.38 nM Osim,48,NA,NA,3317792.5,2411518,3954849
4.40 nM Daco+10.38 nM Osim,49,NA,NA,4268663,3102766,5092977
4.40 nM Daco+10.38 nM Osim,50,NA,NA,5498795,3994415,6557375
4.40 nM Daco+10.38 nM Osim,51,NA,NA,7083504.5,5143207,8448979
4.40 nM Daco+10.38 nM Osim,52,NA,NA,9122954.5,6624375,10883493
4.40 nM Daco+10.38 nM Osim,53,NA,NA,11753922.5,8533745,14024421
4.40 nM Daco+10.38 nM Osim,54,NA,NA,15136830,10994570,18069059
4.40 nM Daco+10.38 nM Osim,55,NA,NA,19498823,14163541,23282724
4.40 nM Daco+10.38 nM Osim,56,NA,NA,25123272,18247989,29995311
4.40 nM Daco+10.38 nM Osim,57,NA,NA,32370512.5,23509206,38642596
4.40 nM Daco+10.38 nM Osim,58,NA,NA,41708326.5,30288741,49789432
4.40 nM Daco+10.38 nM Osim,59,NA,NA,53739903.5,39023558,64155901
4.40 nM Daco+10.38 nM Osim,60,NA,NA,69238179,50278712,82664484
4.40 nM Daco+10.38 nM Osim,62,NA,NA,114942917.5,83486781,137226413
4.40 nM Daco+10.38 nM Osim,63,NA,NA,148086390,107578843,176793363
4.40 nM Daco+10.38 nM Osim,64,NA,NA,190790400.5,138599370,227818534
4.40 nM Daco+10.38 nM Osim,65,NA,NA,245805867.5,178572784,293540181
4.40 nM Daco+10.38 nM Osim,66,NA,NA,316684156.5,230098816,378169991
4.40 nM Daco+10.38 nM Osim,67,NA,NA,408017378,296455312,487273309
4.40 nM Daco+10.38 nM Osim,68,NA,NA,525687141,381970291,627844034
4.40 nM Daco+10.38 nM Osim,69,NA,NA,677303444,492153822,808924604
4.40 nM Daco+10.38 nM Osim,70,NA,NA,872629117,634108298,1042154182
4.40 nM Daco+10.38 nM Osim,71,NA,NA,1124299858.5,817012085,1342672514
4.40 nM Daco+10.38 nM Osim,72,NA,NA,1448538302.5,1052659024,1729884773
4.40 nM Daco+10.38 nM Osim,73,NA,NA,1866293693,1356248121,2228757669
4.40 nM Daco+10.38 nM Osim,74,NA,NA,2404490711.5,1747402831,2871594479
4.40 nM Daco+10.38 nM Osim,75,NA,NA,3097945718.5,2251279390,3699782706
4.40 nM Daco+10.38 nM Osim,76,NA,NA,3991360801,2900497389,4766899512
4.40 nM Daco+10.38 nM Osim,77,NA,NA,5142491486.5,3736945738,6141622746
4.40 nM Daco+10.38 nM Osim,78,NA,NA,6625485987.5,4814741083,7912800676
4.40 nM Daco+10.38 nM Osim,80,NA,NA,10997736435,7992290992,13134704089
4.40 nM Daco+10.38 nM Osim,81,NA,NA,14169586870,10297473085,16922883506
4.40 nM Daco+10.38 nM Osim,82,NA,NA,18256192792.5,13267286685,21803534254
4.40 nM Daco+10.38 nM Osim,83,NA,NA,23521113555,17093465978,28091863355
4.40 nM Daco+10.38 nM Osim,84,NA,NA,30304556410,22023408397,36193473842
4.40 nM Daco+10.38 nM Osim,85,NA,NA,39044380218,28374585621,46631757483
4.40 nM Daco+10.38 nM Osim,86,NA,NA,50304746071.5,36557511852,60080114298
4.40 nM Daco+10.38 nM Osim,87,NA,NA,64812429671.5,47100482934,77406757514
4.40 nM Daco+10.38 nM Osim,88,NA,NA,83504122762,60684453559,99730632381
4.40 nM Daco+10.38 nM Osim,90,NA,NA,138614520357,100733084532,165549495851
4.40 nM Daco+10.38 nM Osim,91,NA,NA,178590529390.5,129784556444,213292997499
4.40 nM Daco+10.38 nM Osim,92,NA,NA,230095282803.5,167214521002,274806529795
4.40 nM Daco+10.38 nM Osim,93,NA,NA,296453824455.5,215438230097,354059680962
4.40 nM Daco+10.38 nM Osim,94,NA,NA,381949329006,277569612251,456167853874
4.40 nM Daco+10.38 nM Osim,95,NA,NA,492100639827,357619894985,587725103363
4.40 nM Daco+10.38 nM Osim,96,NA,NA,634020918440.5,460755880933,757222611088
4.40 nM Daco+10.38 nM Osim,97,NA,NA,816870519342.5,593634681538,975602232913
4.40 nM Daco+10.38 nM Osim,98,NA,NA,1052451929721.5,764837658060,1256960784502
4.40 nM Daco+10.38 nM Osim,99,NA,NA,1355974902166.5,985414565748,1619465092058
4.40 nM Daco+10.38 nM Osim,100,NA,NA,1747030962477.5,1269604308846,2086516235346
4.40 nM Daco+10.38 nM Osim,101,NA,NA,2250866823778.5,1635752776397,2688260544215
2.94 nM Daco+20.75 nM Osim,1,NA,NA,910808.5,910531,911043
2.94 nM Daco+20.75 nM Osim,2,NA,NA,829592.5,829271,830012
2.94 nM Daco+20.75 nM Osim,3,NA,NA,755645.5,755227,756103
2.94 nM Daco+20.75 nM Osim,4,NA,NA,688125,687765,688577
2.94 nM Daco+20.75 nM Osim,5,NA,NA,626791.5,626330,627524
2.94 nM Daco+20.75 nM Osim,6,NA,NA,571076.5,570604,571678
2.94 nM Daco+20.75 nM Osim,7,NA,NA,520199,519797,520894
2.94 nM Daco+20.75 nM Osim,8,NA,NA,473803,473348,474376
2.94 nM Daco+20.75 nM Osim,9,NA,NA,431566.5,431167,432084
2.94 nM Daco+20.75 nM Osim,10,NA,NA,393142.5,392731,393696
2.94 nM Daco+20.75 nM Osim,11,NA,NA,358219,357725,358706
2.94 nM Daco+20.75 nM Osim,12,NA,NA,326487.5,325923,326990
2.94 nM Daco+20.75 nM Osim,13,NA,NA,297496.5,297061,297932
2.94 nM Daco+20.75 nM Osim,14,NA,NA,271179,270750,271756
2.94 nM Daco+20.75 nM Osim,15,NA,NA,247350.5,246851,247848
2.94 nM Daco+20.75 nM Osim,16,NA,NA,225751.5,225226,226136
2.94 nM Daco+20.75 nM Osim,17,NA,NA,206220,205396,206749
2.94 nM Daco+20.75 nM Osim,18,NA,NA,188302.5,187510,188986
2.94 nM Daco+20.75 nM Osim,19,NA,NA,172483.5,171721,173169
2.94 nM Daco+20.75 nM Osim,20,NA,NA,158208.5,157066,159016
2.94 nM Daco+20.75 nM Osim,21,NA,NA,145448.5,144042,146616
2.94 nM Daco+20.75 nM Osim,22,NA,NA,134287,132564,135802
2.94 nM Daco+20.75 nM Osim,23,NA,NA,124748,122607,126468
2.94 nM Daco+20.75 nM Osim,24,NA,NA,116693.5,113707,119041
2.94 nM Daco+20.75 nM Osim,25,NA,NA,110176,106750,113635
2.94 nM Daco+20.75 nM Osim,26,NA,NA,105411,101244,110041
2.94 nM Daco+20.75 nM Osim,27,NA,NA,102734,97250,108500
2.94 nM Daco+20.75 nM Osim,28,NA,NA,102332,95320,110098
2.94 nM Daco+20.75 nM Osim,29,NA,NA,104686,95159,114683
2.94 nM Daco+20.75 nM Osim,30,NA,NA,110289,97768,123780
2.94 nM Daco+20.75 nM Osim,31,NA,NA,120069.5,103867,136764
2.94 nM Daco+20.75 nM Osim,32,NA,NA,134549,113310,156050
2.94 nM Daco+20.75 nM Osim,33,NA,NA,155313,128129,183557
2.94 nM Daco+20.75 nM Osim,34,NA,NA,183396,148445,220499
2.94 nM Daco+20.75 nM Osim,35,NA,NA,221131.5,176106,270229
2.94 nM Daco+20.75 nM Osim,36,NA,NA,272480.5,214345,336127
2.94 nM Daco+20.75 nM Osim,37,NA,NA,340621,265453,422594
2.94 nM Daco+20.75 nM Osim,38,NA,NA,430286.5,332506,536284
2.94 nM Daco+20.75 nM Osim,39,NA,NA,547801,420613,685379
2.94 nM Daco+20.75 nM Osim,40,NA,NA,700860.5,534725,879387
2.94 nM Daco+20.75 nM Osim,41,NA,NA,900362,685487,1130310
2.94 nM Daco+20.75 nM Osim,42,NA,NA,1162084.5,882319,1459728
2.94 nM Daco+20.75 nM Osim,43,NA,NA,1501441.5,1137504,1886100
2.94 nM Daco+20.75 nM Osim,44,NA,NA,1942128,1469184,2441008
2.94 nM Daco+20.75 nM Osim,45,NA,NA,2515973.5,1900132,3167076
2.94 nM Daco+20.75 nM Osim,46,NA,NA,3259296.5,2463872,4105507
2.94 nM Daco+20.75 nM Osim,47,NA,NA,4225282,3197055,5326084
2.94 nM Daco+20.75 nM Osim,48,NA,NA,5480158.5,4143041,6906395
2.94 nM Daco+20.75 nM Osim,49,NA,NA,7114022.5,5375626,8964895
2.94 nM Daco+20.75 nM Osim,50,NA,NA,9234894,6972415,11637429
2.94 nM Daco+20.75 nM Osim,51,NA,NA,11988584,9049834,15105976
2.94 nM Daco+20.75 nM Osim,52,NA,NA,15566958,11757348,19612512
2.94 nM Daco+20.75 nM Osim,53,NA,NA,20215110.5,15268935,25476005
2.94 nM Daco+20.75 nM Osim,54,NA,NA,26245825.5,19825392,33085025
2.94 nM Daco+20.75 nM Osim,55,NA,NA,34077011.5,25737299,42959758
2.94 nM Daco+20.75 nM Osim,56,NA,NA,44240118,33425971,55788035
2.94 nM Daco+20.75 nM Osim,57,NA,NA,57443093,43396833,72451591
2.94 nM Daco+20.75 nM Osim,59,NA,NA,96858863.5,73171811,122143751
2.94 nM Daco+20.75 nM Osim,60,NA,NA,125786369,95028607,158623274
2.94 nM Daco+20.75 nM Osim,61,NA,NA,163324058,123385150,205989827
2.94 nM Daco+20.75 nM Osim,62,NA,NA,212083897.5,160239364,267479906
2.94 nM Daco+20.75 nM Osim,63,NA,NA,275421868.5,208071336,347361362
2.94 nM Daco+20.75 nM Osim,64,NA,NA,357653343.5,270173621,451045106
2.94 nM Daco+20.75 nM Osim,65,NA,NA,464421191,350813770,585654185
2.94 nM Daco+20.75 nM Osim,66,NA,NA,603056422,455546770,760485975
2.94 nM Daco+20.75 nM Osim,67,NA,NA,783105805.5,591605325,987526461
2.94 nM Daco+20.75 nM Osim,69,NA,NA,1320464710,997443160,1665102731
2.94 nM Daco+20.75 nM Osim,70,NA,NA,1714606234.5,1295255350,2162223901
2.94 nM Daco+20.75 nM Osim,71,NA,NA,2226423835.5,1681936983,2807779350
2.94 nM Daco+20.75 nM Osim,72,NA,NA,2891115722.5,2184043374,3646099045
2.94 nM Daco+20.75 nM Osim,73,NA,NA,3754201508,2836158505,4734718024
2.94 nM Daco+20.75 nM Osim,74,NA,NA,4875008614.5,3682903013,6148153905
2.94 nM Daco+20.75 nM Osim,75,NA,NA,6330346117,4782232700,7983694595
2.94 nM Daco+20.75 nM Osim,76,NA,NA,8220232694.5,6209742106,10367292994
2.94 nM Daco+20.75 nM Osim,78,NA,NA,13860765597,10470731117,17481504305
2.94 nM Daco+20.75 nM Osim,79,NA,NA,17998839627,13596506171,22700298822
2.94 nM Daco+20.75 nM Osim,80,NA,NA,23372017770.5,17655609466,29477244949
2.94 nM Daco+20.75 nM Osim,81,NA,NA,30349683490.5,22926518970,38277515811
2.94 nM Daco+20.75 nM Osim,82,NA,NA,39410175133.5,29771033395,49704874137
2.94 nM Daco+20.75 nM Osim,83,NA,NA,51175615895.5,38659036334,64543789169
2.94 nM Daco+20.75 nM Osim,84,NA,NA,66453290307.5,50200650173,83812574025
2.94 nM Daco+20.75 nM Osim,85,NA,NA,86291903137,65187456613,108833852100
